"","country","food_category","consumption","co2_emmission"
"1","Argentina","Pork",10.51,37.2
"2","Argentina","Poultry",38.66,41.53
"3","Argentina","Beef",55.48,1712
"4","Argentina","Lamb & Goat",1.56,54.63
"5","Argentina","Fish",4.36,6.96
"6","Argentina","Eggs",11.39,10.46
"7","Argentina","Milk - inc. cheese",195.08,277.87
"8","Argentina","Wheat and Wheat Products",103.11,19.66
"9","Argentina","Rice",8.77,11.22
"10","Argentina","Soybeans",0,0
"11","Argentina","Nuts inc. Peanut Butter",0.49,0.87
"12","Australia","Pork",24.14,85.44
"13","Australia","Poultry",46.12,49.54
"14","Australia","Beef",33.86,1044.85
"15","Australia","Lamb & Goat",9.87,345.65
"16","Australia","Fish",17.69,28.25
"17","Australia","Eggs",8.51,7.82
"18","Australia","Milk - inc. cheese",234.49,334.01
"19","Australia","Wheat and Wheat Products",70.46,13.44
"20","Australia","Rice",11.03,14.12
"21","Australia","Soybeans",0.19,0.09
"22","Australia","Nuts inc. Peanut Butter",8.73,15.45
"23","Albania","Pork",10.88,38.51
"24","Albania","Poultry",13.23,14.21
"25","Albania","Beef",22.5,694.3
"26","Albania","Lamb & Goat",15.32,536.5
"27","Albania","Fish",3.85,6.15
"28","Albania","Eggs",12.45,11.44
"29","Albania","Milk - inc. cheese",303.72,432.62
"30","Albania","Wheat and Wheat Products",138.64,26.44
"31","Albania","Rice",7.78,9.96
"32","Albania","Soybeans",0,0
"33","Albania","Nuts inc. Peanut Butter",4.36,7.72
"34","Iceland","Pork",21.69,76.77
"35","Iceland","Poultry",26.87,28.86
"36","Iceland","Beef",13.36,412.26
"37","Iceland","Lamb & Goat",21.12,739.62
"38","Iceland","Fish",74.41,118.81
"39","Iceland","Eggs",8.24,7.57
"40","Iceland","Milk - inc. cheese",225.82,321.66
"41","Iceland","Wheat and Wheat Products",72.92,13.91
"42","Iceland","Rice",3.89,4.98
"43","Iceland","Soybeans",0.11,0.05
"44","Iceland","Nuts inc. Peanut Butter",3.88,6.87
"45","New Zealand","Pork",22.29,78.9
"46","New Zealand","Poultry",34.98,37.58
"47","New Zealand","Beef",22.49,693.99
"48","New Zealand","Lamb & Goat",18.91,662.23
"49","New Zealand","Fish",20.36,32.51
"50","New Zealand","Eggs",9.91,9.1
"51","New Zealand","Milk - inc. cheese",137.25,195.5
"52","New Zealand","Wheat and Wheat Products",76.91,14.67
"53","New Zealand","Rice",9.16,11.72
"54","New Zealand","Soybeans",0.44,0.2
"55","New Zealand","Nuts inc. Peanut Butter",8.22,14.55
"56","USA","Pork",27.64,97.83
"57","USA","Poultry",50.01,53.72
"58","USA","Beef",36.24,1118.29
"59","USA","Lamb & Goat",0.43,15.06
"60","USA","Fish",12.35,19.72
"61","USA","Eggs",14.58,13.39
"62","USA","Milk - inc. cheese",254.69,362.78
"63","USA","Wheat and Wheat Products",80.43,15.34
"64","USA","Rice",6.88,8.8
"65","USA","Soybeans",0.04,0.02
"66","USA","Nuts inc. Peanut Butter",7.86,13.91
"67","Uruguay","Pork",16.84,59.61
"68","Uruguay","Poultry",27.45,29.49
"69","Uruguay","Beef",29.1,897.96
"70","Uruguay","Lamb & Goat",8.23,288.21
"71","Uruguay","Fish",6.53,10.43
"72","Uruguay","Eggs",13.14,12.07
"73","Uruguay","Milk - inc. cheese",210.54,299.89
"74","Uruguay","Wheat and Wheat Products",109.31,20.85
"75","Uruguay","Rice",11.5,14.72
"76","Uruguay","Soybeans",0.01,0
"77","Uruguay","Nuts inc. Peanut Butter",0.95,1.68
"78","Luxembourg","Pork",43.58,154.25
"79","Luxembourg","Poultry",21.37,22.96
"80","Luxembourg","Beef",29.88,922.03
"81","Luxembourg","Lamb & Goat",1.67,58.48
"82","Luxembourg","Fish",23.09,36.87
"83","Luxembourg","Eggs",14.64,13.45
"84","Luxembourg","Milk - inc. cheese",255.3,363.65
"85","Luxembourg","Wheat and Wheat Products",103.2,19.68
"86","Luxembourg","Rice",4.2,5.37
"87","Luxembourg","Soybeans",0.04,0.02
"88","Luxembourg","Nuts inc. Peanut Butter",0.93,1.65
"89","Brazil","Pork",12.6,44.6
"90","Brazil","Poultry",45,48.34
"91","Brazil","Beef",39.25,1211.17
"92","Brazil","Lamb & Goat",0.62,21.71
"93","Brazil","Fish",10.01,15.98
"94","Brazil","Eggs",8.98,8.25
"95","Brazil","Milk - inc. cheese",149.28,212.63
"96","Brazil","Wheat and Wheat Products",53,10.11
"97","Brazil","Rice",32.13,41.12
"98","Brazil","Soybeans",3.62,1.63
"99","Brazil","Nuts inc. Peanut Butter",0.67,1.19
"100","Kazakhstan","Pork",10.36,36.67
"101","Kazakhstan","Poultry",18.38,19.74
"102","Kazakhstan","Beef",23.38,721.46
"103","Kazakhstan","Lamb & Goat",9.56,334.79
"104","Kazakhstan","Fish",5.21,8.32
"105","Kazakhstan","Eggs",8.29,7.62
"106","Kazakhstan","Milk - inc. cheese",288.12,410.4
"107","Kazakhstan","Wheat and Wheat Products",92.31,17.6
"108","Kazakhstan","Rice",7.32,9.37
"109","Kazakhstan","Soybeans",0.03,0.01
"110","Kazakhstan","Nuts inc. Peanut Butter",5.14,9.1
"111","Sweden","Pork",37,130.96
"112","Sweden","Poultry",16.64,17.87
"113","Sweden","Beef",24.58,758.49
"114","Sweden","Lamb & Goat",1.41,49.38
"115","Sweden","Fish",23.86,38.1
"116","Sweden","Eggs",13.37,12.28
"117","Sweden","Milk - inc. cheese",341.23,486.05
"118","Sweden","Wheat and Wheat Products",79.59,15.18
"119","Sweden","Rice",5.96,7.63
"120","Sweden","Soybeans",0.13,0.06
"121","Sweden","Nuts inc. Peanut Butter",6.23,11.03
"122","Bermuda","Pork",28.24,99.96
"123","Bermuda","Poultry",32.62,35.04
"124","Bermuda","Beef",33.15,1022.94
"125","Bermuda","Lamb & Goat",2.71,94.9
"126","Bermuda","Fish",33.22,53.04
"127","Bermuda","Eggs",14.92,13.71
"128","Bermuda","Milk - inc. cheese",95.56,136.12
"129","Bermuda","Wheat and Wheat Products",54.88,10.47
"130","Bermuda","Rice",5.38,6.88
"131","Bermuda","Soybeans",0.22,0.1
"132","Bermuda","Nuts inc. Peanut Butter",5.72,10.12
"133","Denmark","Pork",24.87,88.03
"134","Denmark","Poultry",26.75,28.73
"135","Denmark","Beef",28.46,878.22
"136","Denmark","Lamb & Goat",0.92,32.22
"137","Denmark","Fish",16.49,26.33
"138","Denmark","Eggs",15.35,14.1
"139","Denmark","Milk - inc. cheese",277.3,394.99
"140","Denmark","Wheat and Wheat Products",98,18.69
"141","Denmark","Rice",4.96,6.35
"142","Denmark","Soybeans",0.03,0.01
"143","Denmark","Nuts inc. Peanut Butter",5.94,10.51
"144","Finland","Pork",36.14,127.92
"145","Finland","Poultry",19.87,21.34
"146","Finland","Beef",19.22,593.09
"147","Finland","Lamb & Goat",0.53,18.56
"148","Finland","Fish",33.8,53.97
"149","Finland","Eggs",9.55,8.77
"150","Finland","Milk - inc. cheese",430.76,613.57
"151","Finland","Wheat and Wheat Products",81.99,15.64
"152","Finland","Rice",4.42,5.66
"153","Finland","Soybeans",0.08,0.04
"154","Finland","Nuts inc. Peanut Butter",3.43,6.07
"155","Ireland","Pork",32.4,114.68
"156","Ireland","Poultry",26.26,28.21
"157","Ireland","Beef",22.35,689.67
"158","Ireland","Lamb & Goat",4.1,143.58
"159","Ireland","Fish",17.39,27.77
"160","Ireland","Eggs",8.96,8.23
"161","Ireland","Milk - inc. cheese",291.86,415.73
"162","Ireland","Wheat and Wheat Products",107.98,20.59
"163","Ireland","Rice",3,3.84
"164","Ireland","Soybeans",0.25,0.11
"165","Ireland","Nuts inc. Peanut Butter",4.1,7.26
"166","Greece","Pork",28.31,100.2
"167","Greece","Poultry",15.74,16.91
"168","Greece","Beef",16.1,496.81
"169","Greece","Lamb & Goat",12.47,436.7
"170","Greece","Fish",14.42,23.02
"171","Greece","Eggs",10.13,9.31
"172","Greece","Milk - inc. cheese",255.26,363.59
"173","Greece","Wheat and Wheat Products",124.04,23.65
"174","Greece","Rice",6.64,8.5
"175","Greece","Soybeans",0.02,0.01
"176","Greece","Nuts inc. Peanut Butter",10.5,18.59
"177","France","Pork",33.05,116.98
"178","France","Poultry",22.93,24.63
"179","France","Beef",23.81,734.73
"180","France","Lamb & Goat",3.28,114.87
"181","France","Fish",22.91,36.58
"182","France","Eggs",13.13,12.06
"183","France","Milk - inc. cheese",241.31,343.72
"184","France","Wheat and Wheat Products",108.43,20.68
"185","France","Rice",4.88,6.24
"186","France","Soybeans",0.05,0.02
"187","France","Nuts inc. Peanut Butter",5.39,9.54
"188","Canada","Pork",22.81,80.74
"189","Canada","Poultry",36.68,39.4
"190","Canada","Beef",30.25,933.45
"191","Canada","Lamb & Goat",0.97,33.97
"192","Canada","Fish",14.56,23.25
"193","Canada","Eggs",12.95,11.9
"194","Canada","Milk - inc. cheese",187.77,267.46
"195","Canada","Wheat and Wheat Products",84.96,16.2
"196","Canada","Rice",12.65,16.19
"197","Canada","Soybeans",0.94,0.42
"198","Canada","Nuts inc. Peanut Butter",8.01,14.18
"199","Norway","Pork",23.51,83.21
"200","Norway","Poultry",21.01,22.57
"201","Norway","Beef",19.83,611.91
"202","Norway","Lamb & Goat",5.34,187.01
"203","Norway","Fish",38.18,60.96
"204","Norway","Eggs",11.41,10.48
"205","Norway","Milk - inc. cheese",261.34,372.25
"206","Norway","Wheat and Wheat Products",97.12,18.52
"207","Norway","Rice",4.36,5.58
"208","Norway","Soybeans",0.11,0.05
"209","Norway","Nuts inc. Peanut Butter",5.28,9.35
"210","Hong Kong SAR. China","Pork",67.11,237.54
"211","Hong Kong SAR. China","Poultry",54.86,58.93
"212","Hong Kong SAR. China","Beef",25.82,796.75
"213","Hong Kong SAR. China","Lamb & Goat",2.22,77.74
"214","Hong Kong SAR. China","Fish",42.44,67.76
"215","Hong Kong SAR. China","Eggs",14.5,13.32
"216","Hong Kong SAR. China","Milk - inc. cheese",105.85,150.77
"217","Hong Kong SAR. China","Wheat and Wheat Products",53.14,10.13
"218","Hong Kong SAR. China","Rice",43.48,55.64
"219","Hong Kong SAR. China","Soybeans",2.79,1.26
"220","Hong Kong SAR. China","Nuts inc. Peanut Butter",13.81,24.44
"221","French Polynesia","Pork",14.75,52.21
"222","French Polynesia","Poultry",49.55,53.23
"223","French Polynesia","Beef",30.9,953.51
"224","French Polynesia","Lamb & Goat",2.83,99.11
"225","French Polynesia","Fish",38.95,62.19
"226","French Polynesia","Eggs",8.75,8.04
"227","French Polynesia","Milk - inc. cheese",93.56,133.27
"228","French Polynesia","Wheat and Wheat Products",68.67,13.1
"229","French Polynesia","Rice",35.59,45.54
"230","French Polynesia","Soybeans",0.77,0.35
"231","French Polynesia","Nuts inc. Peanut Butter",2.34,4.14
"232","Israel","Pork",1.99,7.04
"233","Israel","Poultry",62.5,67.14
"234","Israel","Beef",28.78,888.09
"235","Israel","Lamb & Goat",1.87,65.49
"236","Israel","Fish",22.18,35.41
"237","Israel","Eggs",11.35,10.43
"238","Israel","Milk - inc. cheese",193.6,275.76
"239","Israel","Wheat and Wheat Products",110.86,21.14
"240","Israel","Rice",16.81,21.51
"241","Israel","Soybeans",0.1,0.05
"242","Israel","Nuts inc. Peanut Butter",7.71,13.65
"243","Switzerland","Pork",31.49,111.46
"244","Switzerland","Poultry",16.38,17.6
"245","Switzerland","Beef",21.26,656.04
"246","Switzerland","Lamb & Goat",1.42,49.73
"247","Switzerland","Fish",13.48,21.52
"248","Switzerland","Eggs",10.53,9.67
"249","Switzerland","Milk - inc. cheese",318.69,453.94
"250","Switzerland","Wheat and Wheat Products",89.51,17.07
"251","Switzerland","Rice",2.43,3.11
"252","Switzerland","Soybeans",0.44,0.2
"253","Switzerland","Nuts inc. Peanut Butter",9.27,16.41
"254","Netherlands","Pork",36.36,128.7
"255","Netherlands","Poultry",23.9,25.67
"256","Netherlands","Beef",17.67,545.26
"257","Netherlands","Lamb & Goat",0.94,32.92
"258","Netherlands","Fish",18.64,29.76
"259","Netherlands","Eggs",14.03,12.89
"260","Netherlands","Milk - inc. cheese",341.47,486.39
"261","Netherlands","Wheat and Wheat Products",70.17,13.38
"262","Netherlands","Rice",2.93,3.75
"263","Netherlands","Soybeans",0.12,0.05
"264","Netherlands","Nuts inc. Peanut Butter",7.94,14.05
"265","Kuwait","Pork",0,0
"266","Kuwait","Poultry",53.61,57.59
"267","Kuwait","Beef",13.03,402.08
"268","Kuwait","Lamb & Goat",15.61,546.66
"269","Kuwait","Fish",11.99,19.14
"270","Kuwait","Eggs",12.6,11.57
"271","Kuwait","Milk - inc. cheese",157.66,224.57
"272","Kuwait","Wheat and Wheat Products",96.76,18.45
"273","Kuwait","Rice",43.83,56.09
"274","Kuwait","Soybeans",0.06,0.03
"275","Kuwait","Nuts inc. Peanut Butter",5.23,9.26
"276","United Kingdom","Pork",25.79,91.28
"277","United Kingdom","Poultry",31.55,33.89
"278","United Kingdom","Beef",18.12,559.15
"279","United Kingdom","Lamb & Goat",4.49,157.24
"280","United Kingdom","Fish",15.49,24.73
"281","United Kingdom","Eggs",11.08,10.18
"282","United Kingdom","Milk - inc. cheese",232.2,330.75
"283","United Kingdom","Wheat and Wheat Products",98.63,18.81
"284","United Kingdom","Rice",6.39,8.18
"285","United Kingdom","Soybeans",0.05,0.02
"286","United Kingdom","Nuts inc. Peanut Butter",4.18,7.4
"287","Austria","Pork",52.56,186.04
"288","Austria","Poultry",18.61,19.99
"289","Austria","Beef",17.14,528.9
"290","Austria","Lamb & Goat",1.16,40.62
"291","Austria","Fish",12.16,19.42
"292","Austria","Eggs",14.68,13.49
"293","Austria","Milk - inc. cheese",258.09,367.62
"294","Austria","Wheat and Wheat Products",81.1,15.47
"295","Austria","Rice",3.7,4.73
"296","Austria","Soybeans",2.06,0.93
"297","Austria","Nuts inc. Peanut Butter",7.88,13.95
"298","Oman","Pork",0.01,0.04
"299","Oman","Poultry",31.51,33.85
"300","Oman","Beef",15.1,465.95
"301","Oman","Lamb & Goat",12.87,450.71
"302","Oman","Fish",21.56,34.42
"303","Oman","Eggs",7.8,7.17
"304","Oman","Milk - inc. cheese",152.28,216.91
"305","Oman","Wheat and Wheat Products",64.1,12.22
"306","Oman","Rice",56.55,72.37
"307","Oman","Soybeans",0.21,0.09
"308","Oman","Nuts inc. Peanut Butter",1.68,2.97
"309","Italy","Pork",40.28,142.57
"310","Italy","Poultry",18.61,19.99
"311","Italy","Beef",18.6,573.96
"312","Italy","Lamb & Goat",0.92,32.22
"313","Italy","Fish",15.6,24.91
"314","Italy","Eggs",13.34,12.25
"315","Italy","Milk - inc. cheese",246.88,351.66
"316","Italy","Wheat and Wheat Products",146.37,27.91
"317","Italy","Rice",5.74,7.35
"318","Italy","Soybeans",0.01,0
"319","Italy","Nuts inc. Peanut Butter",7.63,13.51
"320","Bahamas","Pork",32.74,115.88
"321","Bahamas","Poultry",45.74,49.13
"322","Bahamas","Beef",19.92,614.69
"323","Bahamas","Lamb & Goat",5.22,182.8
"324","Bahamas","Fish",18.8,30.02
"325","Bahamas","Eggs",6.2,5.7
"326","Bahamas","Milk - inc. cheese",104.76,149.22
"327","Bahamas","Wheat and Wheat Products",39.98,7.62
"328","Bahamas","Rice",23.97,30.67
"329","Bahamas","Soybeans",0.09,0.04
"330","Bahamas","Nuts inc. Peanut Butter",4.03,7.13
"331","Portugal","Pork",37.91,134.18
"332","Portugal","Poultry",30.14,32.38
"333","Portugal","Beef",16.45,507.61
"334","Portugal","Lamb & Goat",2.38,83.35
"335","Portugal","Fish",45.39,72.47
"336","Portugal","Eggs",9.05,8.31
"337","Portugal","Milk - inc. cheese",205.04,292.06
"338","Portugal","Wheat and Wheat Products",94.3,17.98
"339","Portugal","Rice",14.86,19.02
"340","Portugal","Soybeans",0.01,0
"341","Portugal","Nuts inc. Peanut Butter",3.91,6.92
"342","Malta","Pork",34.24,121.19
"343","Malta","Poultry",26.4,28.36
"344","Malta","Beef",19.22,593.09
"345","Malta","Lamb & Goat",1.19,41.67
"346","Malta","Fish",24.58,39.25
"347","Malta","Eggs",11.64,10.69
"348","Malta","Milk - inc. cheese",190.06,270.72
"349","Malta","Wheat and Wheat Products",139.58,26.62
"350","Malta","Rice",4.96,6.35
"351","Malta","Soybeans",0.05,0.02
"352","Malta","Nuts inc. Peanut Butter",5.62,9.95
"353","Armenia","Pork",9.67,34.23
"354","Armenia","Poultry",13.35,14.34
"355","Armenia","Beef",19.66,606.67
"356","Armenia","Lamb & Goat",3.02,105.76
"357","Armenia","Fish",4.36,6.96
"358","Armenia","Eggs",11.69,10.74
"359","Armenia","Milk - inc. cheese",209.03,297.74
"360","Armenia","Wheat and Wheat Products",130.6,24.91
"361","Armenia","Rice",3.18,4.07
"362","Armenia","Soybeans",0,0
"363","Armenia","Nuts inc. Peanut Butter",2.55,4.51
"364","Slovenia","Pork",28.19,99.78
"365","Slovenia","Poultry",23.46,25.2
"366","Slovenia","Beef",18.43,568.71
"367","Slovenia","Lamb & Goat",0.79,27.67
"368","Slovenia","Fish",7.76,12.39
"369","Slovenia","Eggs",9.36,8.6
"370","Slovenia","Milk - inc. cheese",235.01,334.75
"371","Slovenia","Wheat and Wheat Products",103.43,19.72
"372","Slovenia","Rice",3.95,5.05
"373","Slovenia","Soybeans",0.75,0.34
"374","Slovenia","Nuts inc. Peanut Butter",5.28,9.35
"375","Chile","Pork",24.68,87.35
"376","Chile","Poultry",36.52,39.23
"377","Chile","Beef",23.86,736.27
"378","Chile","Lamb & Goat",0.42,14.71
"379","Chile","Fish",7.65,12.21
"380","Chile","Eggs",9.97,9.16
"381","Chile","Milk - inc. cheese",116.11,165.39
"382","Chile","Wheat and Wheat Products",104.74,19.97
"383","Chile","Rice",8.85,11.33
"384","Chile","Soybeans",0.04,0.02
"385","Chile","Nuts inc. Peanut Butter",2.22,3.93
"386","Venezuela","Pork",7.23,25.59
"387","Venezuela","Poultry",39.28,42.19
"388","Venezuela","Beef",25.89,798.91
"389","Venezuela","Lamb & Goat",0.32,11.21
"390","Venezuela","Fish",8.34,13.32
"391","Venezuela","Eggs",5.63,5.17
"392","Venezuela","Milk - inc. cheese",117.79,167.78
"393","Venezuela","Wheat and Wheat Products",49.17,9.38
"394","Venezuela","Rice",23.39,29.93
"395","Venezuela","Soybeans",0,0
"396","Venezuela","Nuts inc. Peanut Butter",0.35,0.62
"397","Belgium","Pork",38.65,136.8
"398","Belgium","Poultry",12.2,13.11
"399","Belgium","Beef",15.63,482.31
"400","Belgium","Lamb & Goat",1.32,46.23
"401","Belgium","Fish",18.97,30.29
"402","Belgium","Eggs",12.59,11.57
"403","Belgium","Milk - inc. cheese",236.19,336.43
"404","Belgium","Wheat and Wheat Products",111.91,21.34
"405","Belgium","Rice",8.61,11.02
"406","Belgium","Soybeans",0.07,0.03
"407","Belgium","Nuts inc. Peanut Butter",7.32,12.96
"408","Germany","Pork",51.81,183.38
"409","Germany","Poultry",17.75,19.07
"410","Germany","Beef",13.16,406.09
"411","Germany","Lamb & Goat",0.73,25.56
"412","Germany","Fish",11.16,17.82
"413","Germany","Eggs",12.2,11.21
"414","Germany","Milk - inc. cheese",258.7,368.49
"415","Germany","Wheat and Wheat Products",83.41,15.91
"416","Germany","Rice",3.34,4.27
"417","Germany","Soybeans",0.88,0.4
"418","Germany","Nuts inc. Peanut Butter",7.96,14.09
"419","Russia","Pork",25.66,90.82
"420","Russia","Poultry",27.5,29.54
"421","Russia","Beef",16.98,523.97
"422","Russia","Lamb & Goat",1.4,49.03
"423","Russia","Fish",20.82,33.24
"424","Russia","Eggs",15.43,14.17
"425","Russia","Milk - inc. cheese",163.57,232.99
"426","Russia","Wheat and Wheat Products",130.99,24.98
"427","Russia","Rice",4.71,6.03
"428","Russia","Soybeans",0.05,0.02
"429","Russia","Nuts inc. Peanut Butter",1.62,2.87
"430","Croatia","Pork",42.79,151.46
"431","Croatia","Poultry",8.52,9.15
"432","Croatia","Beef",12.41,382.95
"433","Croatia","Lamb & Goat",1.71,59.88
"434","Croatia","Fish",15.83,25.28
"435","Croatia","Eggs",8.48,7.79
"436","Croatia","Milk - inc. cheese",231.02,329.06
"437","Croatia","Wheat and Wheat Products",106.59,20.33
"438","Croatia","Rice",2.64,3.38
"439","Croatia","Soybeans",0,0
"440","Croatia","Nuts inc. Peanut Butter",3.88,6.87
"441","Belarus","Pork",40.37,142.89
"442","Belarus","Poultry",31.29,33.61
"443","Belarus","Beef",17.11,527.98
"444","Belarus","Lamb & Goat",0.11,3.85
"445","Belarus","Fish",15.75,25.15
"446","Belarus","Eggs",15.86,14.57
"447","Belarus","Milk - inc. cheese",133.73,190.49
"448","Belarus","Wheat and Wheat Products",60.48,11.53
"449","Belarus","Rice",3.17,4.06
"450","Belarus","Soybeans",0.3,0.14
"451","Belarus","Nuts inc. Peanut Butter",3.36,5.95
"452","Spain","Pork",48.92,173.15
"453","Spain","Poultry",28.63,30.75
"454","Spain","Beef",12.15,374.92
"455","Spain","Lamb & Goat",2.16,75.64
"456","Spain","Fish",28.83,46.03
"457","Spain","Eggs",13.32,12.24
"458","Spain","Milk - inc. cheese",164.29,234.01
"459","Spain","Wheat and Wheat Products",93.88,17.9
"460","Spain","Rice",8.32,10.65
"461","Spain","Soybeans",0.02,0.01
"462","Spain","Nuts inc. Peanut Butter",7.44,13.17
"463","Paraguay","Pork",26.24,92.88
"464","Paraguay","Poultry",6.39,6.86
"465","Paraguay","Beef",19.81,611.29
"466","Paraguay","Lamb & Goat",0.56,19.61
"467","Paraguay","Fish",3.6,5.75
"468","Paraguay","Eggs",18.83,17.3
"469","Paraguay","Milk - inc. cheese",75.72,107.86
"470","Paraguay","Wheat and Wheat Products",31.51,6.01
"471","Paraguay","Rice",4.91,6.28
"472","Paraguay","Soybeans",0,0
"473","Paraguay","Nuts inc. Peanut Butter",1.6,2.83
"474","New Caledonia","Pork",19.9,70.44
"475","New Caledonia","Poultry",44.36,47.65
"476","New Caledonia","Beef",16.07,495.89
"477","New Caledonia","Lamb & Goat",1.95,68.29
"478","New Caledonia","Fish",19.38,30.94
"479","New Caledonia","Eggs",8.85,8.13
"480","New Caledonia","Milk - inc. cheese",108,153.84
"481","New Caledonia","Wheat and Wheat Products",81.75,15.59
"482","New Caledonia","Rice",17.47,22.36
"483","New Caledonia","Soybeans",0.55,0.25
"484","New Caledonia","Nuts inc. Peanut Butter",2.96,5.24
"485","South Africa","Pork",4.16,14.72
"486","South Africa","Poultry",37.57,40.36
"487","South Africa","Beef",18.03,556.37
"488","South Africa","Lamb & Goat",4.28,149.89
"489","South Africa","Fish",5.56,8.88
"490","South Africa","Eggs",7.21,6.62
"491","South Africa","Milk - inc. cheese",55.75,79.41
"492","South Africa","Wheat and Wheat Products",60.13,11.47
"493","South Africa","Rice",17.41,22.28
"494","South Africa","Soybeans",1.27,0.57
"495","South Africa","Nuts inc. Peanut Butter",1.04,1.84
"496","Barbados","Pork",8.3,29.38
"497","Barbados","Poultry",42.62,45.78
"498","Barbados","Beef",13.13,405.16
"499","Barbados","Lamb & Goat",4.08,142.88
"500","Barbados","Fish",37.41,59.73
"501","Barbados","Eggs",9.61,8.83
"502","Barbados","Milk - inc. cheese",110.48,157.37
"503","Barbados","Wheat and Wheat Products",65.71,12.53
"504","Barbados","Rice",15.66,20.04
"505","Barbados","Soybeans",0.1,0.05
"506","Barbados","Nuts inc. Peanut Butter",4.16,7.36
"507","Lithuania","Pork",45.67,161.65
"508","Lithuania","Poultry",26.84,28.83
"509","Lithuania","Beef",4.49,138.55
"510","Lithuania","Lamb & Goat",0.24,8.4
"511","Lithuania","Fish",42.39,67.68
"512","Lithuania","Eggs",13.11,12.04
"513","Lithuania","Milk - inc. cheese",295.46,420.85
"514","Lithuania","Wheat and Wheat Products",121.59,23.19
"515","Lithuania","Rice",3.07,3.93
"516","Lithuania","Soybeans",0.02,0.01
"517","Lithuania","Nuts inc. Peanut Butter",2.13,3.77
"518","Turkey","Pork",0.01,0.04
"519","Turkey","Poultry",18.78,20.17
"520","Turkey","Beef",11.64,359.19
"521","Turkey","Lamb & Goat",4.68,163.89
"522","Turkey","Fish",5.58,8.91
"523","Turkey","Eggs",8.2,7.53
"524","Turkey","Milk - inc. cheese",193.94,276.25
"525","Turkey","Wheat and Wheat Products",169.96,32.41
"526","Turkey","Rice",10.74,13.74
"527","Turkey","Soybeans",1.71,0.77
"528","Turkey","Nuts inc. Peanut Butter",7.97,14.11
"529","Estonia","Pork",29.68,105.05
"530","Estonia","Poultry",21.11,22.68
"531","Estonia","Beef",7.19,221.87
"532","Estonia","Lamb & Goat",0.44,15.41
"533","Estonia","Fish",12.78,20.41
"534","Estonia","Eggs",12.66,11.63
"535","Estonia","Milk - inc. cheese",284.85,405.74
"536","Estonia","Wheat and Wheat Products",89.36,17.04
"537","Estonia","Rice",2.56,3.28
"538","Estonia","Soybeans",0.04,0.02
"539","Estonia","Nuts inc. Peanut Butter",4.29,7.59
"540","Mexico","Pork",15.23,53.91
"541","Mexico","Poultry",30.12,32.35
"542","Mexico","Beef",15.33,473.05
"543","Mexico","Lamb & Goat",0.89,31.17
"544","Mexico","Fish",7.56,12.07
"545","Mexico","Eggs",18.34,16.85
"546","Mexico","Milk - inc. cheese",111.87,159.35
"547","Mexico","Wheat and Wheat Products",35.21,6.71
"548","Mexico","Rice",5.64,7.22
"549","Mexico","Soybeans",0.02,0.01
"550","Mexico","Nuts inc. Peanut Butter",2.51,4.44
"551","Costa Rica","Pork",10.28,36.39
"552","Costa Rica","Poultry",24.47,26.29
"553","Costa Rica","Beef",15.23,469.97
"554","Costa Rica","Lamb & Goat",0.02,0.7
"555","Costa Rica","Fish",11.32,18.07
"556","Costa Rica","Eggs",10.55,9.69
"557","Costa Rica","Milk - inc. cheese",183.28,261.06
"558","Costa Rica","Wheat and Wheat Products",39.31,7.5
"559","Costa Rica","Rice",45.69,58.47
"560","Costa Rica","Soybeans",1.54,0.69
"561","Costa Rica","Nuts inc. Peanut Butter",1.38,2.44
"562","Bolivia","Pork",8.89,31.47
"563","Bolivia","Poultry",34.31,36.86
"564","Bolivia","Beef",19.78,610.37
"565","Bolivia","Lamb & Goat",1.72,60.23
"566","Bolivia","Fish",2.18,3.48
"567","Bolivia","Eggs",5.18,4.76
"568","Bolivia","Milk - inc. cheese",46.04,65.58
"569","Bolivia","Wheat and Wheat Products",49.99,9.53
"570","Bolivia","Rice",26.99,34.54
"571","Bolivia","Soybeans",0.01,0
"572","Bolivia","Nuts inc. Peanut Butter",9.16,16.21
"573","Ecuador","Pork",14.44,51.11
"574","Ecuador","Poultry",21.85,23.47
"575","Ecuador","Beef",16.61,512.55
"576","Ecuador","Lamb & Goat",0.44,15.41
"577","Ecuador","Fish",5.17,8.25
"578","Ecuador","Eggs",8.01,7.36
"579","Ecuador","Milk - inc. cheese",139.6,198.85
"580","Ecuador","Wheat and Wheat Products",39.19,7.47
"581","Ecuador","Rice",45.07,57.68
"582","Ecuador","Soybeans",0,0
"583","Ecuador","Nuts inc. Peanut Butter",0.98,1.73
"584","Panama","Pork",13.48,47.71
"585","Panama","Poultry",30.81,33.1
"586","Panama","Beef",20.4,629.5
"587","Panama","Lamb & Goat",0.01,0.35
"588","Panama","Fish",11.05,17.64
"589","Panama","Eggs",4.53,4.16
"590","Panama","Milk - inc. cheese",70.29,100.12
"591","Panama","Wheat and Wheat Products",38.96,7.43
"592","Panama","Rice",66.42,85
"593","Panama","Soybeans",3.53,1.59
"594","Panama","Nuts inc. Peanut Butter",1.05,1.86
"595","Czech Republic","Pork",41.17,145.72
"596","Czech Republic","Poultry",19.09,20.51
"597","Czech Republic","Beef",8.15,251.49
"598","Czech Republic","Lamb & Goat",0.34,11.91
"599","Czech Republic","Fish",8.25,13.17
"600","Czech Republic","Eggs",11.66,10.71
"601","Czech Republic","Milk - inc. cheese",195.2,278.04
"602","Czech Republic","Wheat and Wheat Products",92.67,17.67
"603","Czech Republic","Rice",4.79,6.13
"604","Czech Republic","Soybeans",0.82,0.37
"605","Czech Republic","Nuts inc. Peanut Butter",2.47,4.37
"606","Romania","Pork",25.31,89.58
"607","Romania","Poultry",15.38,16.52
"608","Romania","Beef",4.78,147.5
"609","Romania","Lamb & Goat",3.41,119.42
"610","Romania","Fish",6.07,9.69
"611","Romania","Eggs",12.94,11.89
"612","Romania","Milk - inc. cheese",238.33,339.48
"613","Romania","Wheat and Wheat Products",134.87,25.72
"614","Romania","Rice",2.59,3.31
"615","Romania","Soybeans",0.01,0
"616","Romania","Nuts inc. Peanut Butter",1.8,3.19
"617","Colombia","Pork",6.51,23.04
"618","Colombia","Poultry",27.57,29.62
"619","Colombia","Beef",16.36,504.84
"620","Colombia","Lamb & Goat",0.21,7.35
"621","Colombia","Fish",6.01,9.6
"622","Colombia","Eggs",10.78,9.9
"623","Colombia","Milk - inc. cheese",108.47,154.5
"624","Colombia","Wheat and Wheat Products",29.79,5.68
"625","Colombia","Rice",28.02,35.86
"626","Colombia","Soybeans",0.89,0.4
"627","Colombia","Nuts inc. Peanut Butter",0.42,0.74
"628","Maldives","Pork",1.22,4.32
"629","Maldives","Poultry",18.47,19.84
"630","Maldives","Beef",9.44,291.3
"631","Maldives","Lamb & Goat",0.7,24.51
"632","Maldives","Fish",179.71,286.94
"633","Maldives","Eggs",10.79,9.91
"634","Maldives","Milk - inc. cheese",111.47,158.78
"635","Maldives","Wheat and Wheat Products",77.77,14.83
"636","Maldives","Rice",50.73,64.92
"637","Maldives","Soybeans",0.2,0.09
"638","Maldives","Nuts inc. Peanut Butter",15.83,28.02
"639","Cyprus","Pork",38.38,135.85
"640","Cyprus","Poultry",24.45,26.26
"641","Cyprus","Beef",5.79,178.67
"642","Cyprus","Lamb & Goat",5.05,176.85
"643","Cyprus","Fish",14.86,23.73
"644","Cyprus","Eggs",8.98,8.25
"645","Cyprus","Milk - inc. cheese",113.31,161.4
"646","Cyprus","Wheat and Wheat Products",83.25,15.88
"647","Cyprus","Rice",4.94,6.32
"648","Cyprus","Soybeans",0.04,0.02
"649","Cyprus","Nuts inc. Peanut Butter",4.6,8.14
"650","Serbia","Pork",32.04,113.41
"651","Serbia","Poultry",10.64,11.43
"652","Serbia","Beef",7.05,217.55
"653","Serbia","Lamb & Goat",3.56,124.67
"654","Serbia","Fish",5.59,8.93
"655","Serbia","Eggs",8.89,8.17
"656","Serbia","Milk - inc. cheese",148.53,211.57
"657","Serbia","Wheat and Wheat Products",105.88,20.19
"658","Serbia","Rice",1.22,1.56
"659","Serbia","Soybeans",0,0
"660","Serbia","Nuts inc. Peanut Butter",3.31,5.86
"661","United Arab Emirates","Pork",0,0
"662","United Arab Emirates","Poultry",41.04,44.09
"663","United Arab Emirates","Beef",5.64,174.04
"664","United Arab Emirates","Lamb & Goat",9.08,317.98
"665","United Arab Emirates","Fish",20.41,32.59
"666","United Arab Emirates","Eggs",8.23,7.56
"667","United Arab Emirates","Milk - inc. cheese",132.66,188.96
"668","United Arab Emirates","Wheat and Wheat Products",101.29,19.32
"669","United Arab Emirates","Rice",56.25,71.98
"670","United Arab Emirates","Soybeans",0.08,0.04
"671","United Arab Emirates","Nuts inc. Peanut Butter",23.03,40.76
"672","Algeria","Pork",0,0
"673","Algeria","Poultry",7.42,7.97
"674","Algeria","Beef",5.6,172.8
"675","Algeria","Lamb & Goat",7.69,269.3
"676","Algeria","Fish",3.74,5.97
"677","Algeria","Eggs",8.06,7.4
"678","Algeria","Milk - inc. cheese",141.53,201.6
"679","Algeria","Wheat and Wheat Products",185.42,35.36
"680","Algeria","Rice",2.97,3.8
"681","Algeria","Soybeans",0,0
"682","Algeria","Nuts inc. Peanut Butter",2.08,3.68
"683","Ukraine","Pork",20.56,72.77
"684","Ukraine","Poultry",24.23,26.03
"685","Ukraine","Beef",8.96,276.49
"686","Ukraine","Lamb & Goat",0.41,14.36
"687","Ukraine","Fish",15.23,24.32
"688","Ukraine","Eggs",18.01,16.54
"689","Ukraine","Milk - inc. cheese",145.03,206.58
"690","Ukraine","Wheat and Wheat Products",105.15,20.05
"691","Ukraine","Rice",3,3.84
"692","Ukraine","Soybeans",0.02,0.01
"693","Ukraine","Nuts inc. Peanut Butter",2.68,4.74
"694","Pakistan","Pork",0,0
"695","Pakistan","Poultry",5.01,5.38
"696","Pakistan","Beef",8.82,272.17
"697","Pakistan","Lamb & Goat",2.46,86.15
"698","Pakistan","Fish",1.87,2.99
"699","Pakistan","Eggs",2.95,2.71
"700","Pakistan","Milk - inc. cheese",183.13,260.85
"701","Pakistan","Wheat and Wheat Products",113.63,21.67
"702","Pakistan","Rice",12.25,15.68
"703","Pakistan","Soybeans",0,0
"704","Pakistan","Nuts inc. Peanut Butter",0.83,1.47
"705","Swaziland","Pork",2.43,8.6
"706","Swaziland","Poultry",6.18,6.64
"707","Swaziland","Beef",15.1,465.95
"708","Swaziland","Lamb & Goat",1.94,67.94
"709","Swaziland","Fish",1.26,2.01
"710","Swaziland","Eggs",1.5,1.38
"711","Swaziland","Milk - inc. cheese",56.6,80.62
"712","Swaziland","Wheat and Wheat Products",37.15,7.08
"713","Swaziland","Rice",21.15,27.07
"714","Swaziland","Soybeans",0.55,0.25
"715","Swaziland","Nuts inc. Peanut Butter",6.44,11.4
"716","Latvia","Pork",34.96,123.74
"717","Latvia","Poultry",20.53,22.05
"718","Latvia","Beef",5.11,157.68
"719","Latvia","Lamb & Goat",0.34,11.91
"720","Latvia","Fish",21.3,34.01
"721","Latvia","Eggs",14.03,12.89
"722","Latvia","Milk - inc. cheese",174.11,248
"723","Latvia","Wheat and Wheat Products",72.13,13.76
"724","Latvia","Rice",2.21,2.83
"725","Latvia","Soybeans",0.04,0.02
"726","Latvia","Nuts inc. Peanut Butter",3.78,6.69
"727","Bosnia and Herzegovina","Pork",9.38,33.2
"728","Bosnia and Herzegovina","Poultry",13.17,14.15
"729","Bosnia and Herzegovina","Beef",9.12,281.42
"730","Bosnia and Herzegovina","Lamb & Goat",0.47,16.46
"731","Bosnia and Herzegovina","Fish",4.06,6.48
"732","Bosnia and Herzegovina","Eggs",4.49,4.12
"733","Bosnia and Herzegovina","Milk - inc. cheese",174.03,247.89
"734","Bosnia and Herzegovina","Wheat and Wheat Products",93.56,17.84
"735","Bosnia and Herzegovina","Rice",1.88,2.41
"736","Bosnia and Herzegovina","Soybeans",1.48,0.67
"737","Bosnia and Herzegovina","Nuts inc. Peanut Butter",2,3.54
"738","Fiji","Pork",4.31,15.26
"739","Fiji","Poultry",20.26,21.76
"740","Fiji","Beef",8.96,276.49
"741","Fiji","Lamb & Goat",5.9,206.62
"742","Fiji","Fish",35.01,55.9
"743","Fiji","Eggs",6.44,5.92
"744","Fiji","Milk - inc. cheese",40.2,57.26
"745","Fiji","Wheat and Wheat Products",84.22,16.06
"746","Fiji","Rice",45.62,58.38
"747","Fiji","Soybeans",0.3,0.14
"748","Fiji","Nuts inc. Peanut Butter",1.3,2.3
"749","South Korea","Pork",32.76,115.95
"750","South Korea","Poultry",16,17.19
"751","South Korea","Beef",14.53,448.37
"752","South Korea","Lamb & Goat",0.14,4.9
"753","South Korea","Fish",33.09,52.83
"754","South Korea","Eggs",11.24,10.33
"755","South Korea","Milk - inc. cheese",29.05,41.38
"756","South Korea","Wheat and Wheat Products",50.84,9.7
"757","South Korea","Rice",85.18,109
"758","South Korea","Soybeans",8.35,3.76
"759","South Korea","Nuts inc. Peanut Butter",4.88,8.64
"760","Poland","Pork",46.19,163.49
"761","Poland","Poultry",27.41,29.44
"762","Poland","Beef",2.32,71.59
"763","Poland","Lamb & Goat",0.02,0.7
"764","Poland","Fish",10.49,16.75
"765","Poland","Eggs",7.53,6.92
"766","Poland","Milk - inc. cheese",205.39,292.56
"767","Poland","Wheat and Wheat Products",108.83,20.75
"768","Poland","Rice",0.95,1.22
"769","Poland","Soybeans",0.06,0.03
"770","Poland","Nuts inc. Peanut Butter",2.23,3.95
"771","Saudi Arabia","Pork",0,0
"772","Saudi Arabia","Poultry",49.05,52.69
"773","Saudi Arabia","Beef",6.45,199.03
"774","Saudi Arabia","Lamb & Goat",6.54,229.03
"775","Saudi Arabia","Fish",11.99,19.14
"776","Saudi Arabia","Eggs",5.37,4.93
"777","Saudi Arabia","Milk - inc. cheese",83.65,119.15
"778","Saudi Arabia","Wheat and Wheat Products",89.47,17.06
"779","Saudi Arabia","Rice",36.02,46.09
"780","Saudi Arabia","Soybeans",0.05,0.02
"781","Saudi Arabia","Nuts inc. Peanut Butter",3.23,5.72
"782","Botswana","Pork",0.74,2.62
"783","Botswana","Poultry",5.33,5.73
"784","Botswana","Beef",7.85,242.23
"785","Botswana","Lamb & Goat",3.76,131.67
"786","Botswana","Fish",3.98,6.35
"787","Botswana","Eggs",1.95,1.79
"788","Botswana","Milk - inc. cheese",117.74,167.71
"789","Botswana","Wheat and Wheat Products",38.2,7.28
"790","Botswana","Rice",7.06,9.03
"791","Botswana","Soybeans",1.16,0.52
"792","Botswana","Nuts inc. Peanut Butter",1.08,1.91
"793","Macedonia","Pork",10.35,36.63
"794","Macedonia","Poultry",18.77,20.16
"795","Macedonia","Beef",7.69,237.3
"796","Macedonia","Lamb & Goat",0.94,32.92
"797","Macedonia","Fish",5.47,8.73
"798","Macedonia","Eggs",6.38,5.86
"799","Macedonia","Milk - inc. cheese",157.93,224.96
"800","Macedonia","Wheat and Wheat Products",104.8,19.99
"801","Macedonia","Rice",2.81,3.6
"802","Macedonia","Soybeans",0.46,0.21
"803","Macedonia","Nuts inc. Peanut Butter",5.87,10.39
"804","Hungary","Pork",34.93,123.63
"805","Hungary","Poultry",23.78,25.54
"806","Hungary","Beef",4.96,153.06
"807","Hungary","Lamb & Goat",0.11,3.85
"808","Hungary","Fish",4.93,7.87
"809","Hungary","Eggs",12.45,11.44
"810","Hungary","Milk - inc. cheese",159.05,226.55
"811","Hungary","Wheat and Wheat Products",109.98,20.97
"812","Hungary","Rice",2.15,2.75
"813","Hungary","Soybeans",0.01,0
"814","Hungary","Nuts inc. Peanut Butter",0.64,1.13
"815","Trinidad and Tobago","Pork",8.92,31.57
"816","Trinidad and Tobago","Poultry",58.27,62.59
"817","Trinidad and Tobago","Beef",6.13,189.16
"818","Trinidad and Tobago","Lamb & Goat",2.79,97.71
"819","Trinidad and Tobago","Fish",20.54,32.8
"820","Trinidad and Tobago","Eggs",4.2,3.86
"821","Trinidad and Tobago","Milk - inc. cheese",103.8,147.85
"822","Trinidad and Tobago","Wheat and Wheat Products",90.17,17.2
"823","Trinidad and Tobago","Rice",16.38,20.96
"824","Trinidad and Tobago","Soybeans",0.04,0.02
"825","Trinidad and Tobago","Nuts inc. Peanut Butter",3.78,6.69
"826","Tunisia","Pork",0,0
"827","Tunisia","Poultry",18.5,19.87
"828","Tunisia","Beef",5.53,170.64
"829","Tunisia","Lamb & Goat",5.34,187.01
"830","Tunisia","Fish",12.63,20.17
"831","Tunisia","Eggs",7.67,7.05
"832","Tunisia","Milk - inc. cheese",114.47,163.05
"833","Tunisia","Wheat and Wheat Products",197.5,37.66
"834","Tunisia","Rice",1.07,1.37
"835","Tunisia","Soybeans",1.88,0.85
"836","Tunisia","Nuts inc. Peanut Butter",6.34,11.22
"837","Egypt","Pork",0.02,0.07
"838","Egypt","Poultry",14.43,15.5
"839","Egypt","Beef",12.88,397.45
"840","Egypt","Lamb & Goat",1.58,55.33
"841","Egypt","Fish",21.46,34.26
"842","Egypt","Eggs",4.59,4.22
"843","Egypt","Milk - inc. cheese",59.46,84.69
"844","Egypt","Wheat and Wheat Products",146.83,28
"845","Egypt","Rice",39.77,50.89
"846","Egypt","Soybeans",0.64,0.29
"847","Egypt","Nuts inc. Peanut Butter",1.82,3.22
"848","Mauritius","Pork",4.08,14.44
"849","Mauritius","Poultry",38.51,41.37
"850","Mauritius","Beef",5.99,184.84
"851","Mauritius","Lamb & Goat",4.08,142.88
"852","Mauritius","Fish",19.66,31.39
"853","Mauritius","Eggs",6.32,5.81
"854","Mauritius","Milk - inc. cheese",117.27,167.04
"855","Mauritius","Wheat and Wheat Products",114.02,21.74
"856","Mauritius","Rice",45.56,58.3
"857","Mauritius","Soybeans",0.3,0.14
"858","Mauritius","Nuts inc. Peanut Butter",2.33,4.12
"859","Bulgaria","Pork",26.26,92.95
"860","Bulgaria","Poultry",20.68,22.21
"861","Bulgaria","Beef",3.84,118.49
"862","Bulgaria","Lamb & Goat",1.63,57.08
"863","Bulgaria","Fish",6.24,9.96
"864","Bulgaria","Eggs",8.36,7.68
"865","Bulgaria","Milk - inc. cheese",155.71,221.79
"866","Bulgaria","Wheat and Wheat Products",121.17,23.11
"867","Bulgaria","Rice",2.24,2.87
"868","Bulgaria","Soybeans",0.04,0.02
"869","Bulgaria","Nuts inc. Peanut Butter",2.26,4
"870","Morocco","Pork",0.01,0.04
"871","Morocco","Poultry",20.77,22.31
"872","Morocco","Beef",8.04,248.1
"873","Morocco","Lamb & Goat",4.36,152.69
"874","Morocco","Fish",17.44,27.85
"875","Morocco","Eggs",6.68,6.14
"876","Morocco","Milk - inc. cheese",54.68,77.89
"877","Morocco","Wheat and Wheat Products",179.7,34.27
"878","Morocco","Rice",1.1,1.41
"879","Morocco","Soybeans",0,0
"880","Morocco","Nuts inc. Peanut Butter",3.23,5.72
"881","Slovakia","Pork",31.78,112.49
"882","Slovakia","Poultry",15.13,16.25
"883","Slovakia","Beef",5.19,160.15
"884","Slovakia","Lamb & Goat",0.16,5.6
"885","Slovakia","Fish",8.39,13.4
"886","Slovakia","Eggs",16.05,14.74
"887","Slovakia","Milk - inc. cheese",143.14,203.89
"888","Slovakia","Wheat and Wheat Products",123.62,23.57
"889","Slovakia","Rice",2.88,3.69
"890","Slovakia","Soybeans",0.02,0.01
"891","Slovakia","Nuts inc. Peanut Butter",3.7,6.55
"892","Niger","Pork",0.09,0.32
"893","Niger","Poultry",1.08,1.16
"894","Niger","Beef",8.97,276.8
"895","Niger","Lamb & Goat",4.17,146.03
"896","Niger","Fish",2.7,4.31
"897","Niger","Eggs",0.3,0.28
"898","Niger","Milk - inc. cheese",58.92,83.93
"899","Niger","Wheat and Wheat Products",4.79,0.91
"900","Niger","Rice",13.17,16.85
"901","Niger","Soybeans",0,0
"902","Niger","Nuts inc. Peanut Butter",6.95,12.3
"903","Kenya","Pork",0.29,1.03
"904","Kenya","Poultry",0.47,0.5
"905","Kenya","Beef",9.54,294.38
"906","Kenya","Lamb & Goat",1.86,65.14
"907","Kenya","Fish",4.27,6.82
"908","Kenya","Eggs",1.84,1.69
"909","Kenya","Milk - inc. cheese",94.86,135.12
"910","Kenya","Wheat and Wheat Products",34.65,6.61
"911","Kenya","Rice",12.94,16.56
"912","Kenya","Soybeans",0.2,0.09
"913","Kenya","Nuts inc. Peanut Butter",1.64,2.9
"914","Jordan","Pork",0.02,0.07
"915","Jordan","Poultry",33.39,35.87
"916","Jordan","Beef",5.61,173.11
"917","Jordan","Lamb & Goat",5.68,198.91
"918","Jordan","Fish",5.13,8.19
"919","Jordan","Eggs",3.92,3.6
"920","Jordan","Milk - inc. cheese",77.68,110.65
"921","Jordan","Wheat and Wheat Products",136.74,26.08
"922","Jordan","Rice",19.67,25.17
"923","Jordan","Soybeans",0.02,0.01
"924","Jordan","Nuts inc. Peanut Butter",3.56,6.3
"925","Japan","Pork",20.62,72.98
"926","Japan","Poultry",19.42,20.86
"927","Japan","Beef",9.15,282.35
"928","Japan","Lamb & Goat",0.14,4.9
"929","Japan","Fish",31.1,49.66
"930","Japan","Eggs",19.15,17.59
"931","Japan","Milk - inc. cheese",72.06,102.64
"932","Japan","Wheat and Wheat Products",45.04,8.59
"933","Japan","Rice",59.85,76.59
"934","Japan","Soybeans",7.34,3.3
"935","Japan","Nuts inc. Peanut Butter",2.59,4.58
"936","Georgia","Pork",8.93,31.61
"937","Georgia","Poultry",12.28,13.19
"938","Georgia","Beef",6.04,186.38
"939","Georgia","Lamb & Goat",0.63,22.06
"940","Georgia","Fish",10.42,16.64
"941","Georgia","Eggs",6.12,5.62
"942","Georgia","Milk - inc. cheese",149.26,212.61
"943","Georgia","Wheat and Wheat Products",163.43,31.17
"944","Georgia","Rice",2.64,3.38
"945","Georgia","Soybeans",0,0
"946","Georgia","Nuts inc. Peanut Butter",2.47,4.37
"947","Grenada","Pork",11.52,40.78
"948","Grenada","Poultry",43.51,46.74
"949","Grenada","Beef",3.46,106.77
"950","Grenada","Lamb & Goat",1.25,43.77
"951","Grenada","Fish",27.95,44.63
"952","Grenada","Eggs",10.34,9.5
"953","Grenada","Milk - inc. cheese",86.88,123.75
"954","Grenada","Wheat and Wheat Products",59.59,11.36
"955","Grenada","Rice",9.56,12.23
"956","Grenada","Soybeans",0.01,0
"957","Grenada","Nuts inc. Peanut Butter",0.18,0.32
"958","El Salvador","Pork",3.23,11.43
"959","El Salvador","Poultry",19.84,21.31
"960","El Salvador","Beef",5.95,183.6
"961","El Salvador","Lamb & Goat",0.02,0.7
"962","El Salvador","Fish",6.25,9.98
"963","El Salvador","Eggs",9.51,8.74
"964","El Salvador","Milk - inc. cheese",124.34,177.11
"965","El Salvador","Wheat and Wheat Products",28.19,5.38
"966","El Salvador","Rice",10.53,13.48
"967","El Salvador","Soybeans",0.8,0.36
"968","El Salvador","Nuts inc. Peanut Butter",1.1,1.95
"969","Cuba","Pork",19.82,70.15
"970","Cuba","Poultry",20.15,21.65
"971","Cuba","Beef",6.39,197.18
"972","Cuba","Lamb & Goat",1.24,43.42
"973","Cuba","Fish",4.76,7.6
"974","Cuba","Eggs",9.82,9.02
"975","Cuba","Milk - inc. cheese",99.94,142.35
"976","Cuba","Wheat and Wheat Products",54.62,10.42
"977","Cuba","Rice",67.7,86.64
"978","Cuba","Soybeans",6.34,2.85
"979","Cuba","Nuts inc. Peanut Butter",0.23,0.41
"980","China","Pork",38.43,136.02
"981","China","Poultry",13.2,14.18
"982","China","Beef",5.12,157.99
"983","China","Lamb & Goat",3.13,109.61
"984","China","Fish",21.01,33.55
"985","China","Eggs",18.76,17.23
"986","China","Milk - inc. cheese",32.66,46.52
"987","China","Wheat and Wheat Products",63.36,12.08
"988","China","Rice",78.18,100.05
"989","China","Soybeans",3.66,1.65
"990","China","Nuts inc. Peanut Butter",6.39,11.31
"991","Honduras","Pork",6.48,22.94
"992","Honduras","Poultry",20.29,21.8
"993","Honduras","Beef",7.19,221.87
"994","Honduras","Lamb & Goat",0.04,1.4
"995","Honduras","Fish",2.7,4.31
"996","Honduras","Eggs",5.19,4.77
"997","Honduras","Milk - inc. cheese",91.33,130.09
"998","Honduras","Wheat and Wheat Products",37.36,7.12
"999","Honduras","Rice",14.42,18.45
"1000","Honduras","Soybeans",0.01,0
"1001","Honduras","Nuts inc. Peanut Butter",0.75,1.33
"1002","Taiwan. ROC","Pork",39.37,139.35
"1003","Taiwan. ROC","Poultry",32.13,34.51
"1004","Taiwan. ROC","Beef",5.21,160.77
"1005","Taiwan. ROC","Lamb & Goat",0.92,32.22
"1006","Taiwan. ROC","Fish",18.29,29.2
"1007","Taiwan. ROC","Eggs",13.08,12.02
"1008","Taiwan. ROC","Milk - inc. cheese",41.72,59.43
"1009","Taiwan. ROC","Wheat and Wheat Products",50.92,9.71
"1010","Taiwan. ROC","Rice",45.85,58.67
"1011","Taiwan. ROC","Soybeans",16.95,7.63
"1012","Taiwan. ROC","Nuts inc. Peanut Butter",9.06,16.04
"1013","Angola","Pork",8.89,31.47
"1014","Angola","Poultry",17.33,18.62
"1015","Angola","Beef",8.42,259.82
"1016","Angola","Lamb & Goat",1.08,37.82
"1017","Angola","Fish",15.24,24.33
"1018","Angola","Eggs",1.11,1.02
"1019","Angola","Milk - inc. cheese",12.3,17.52
"1020","Angola","Wheat and Wheat Products",40.72,7.77
"1021","Angola","Rice",8.12,10.39
"1022","Angola","Soybeans",0.52,0.23
"1023","Angola","Nuts inc. Peanut Butter",2.26,4
"1024","Jamaica","Pork",3.99,14.12
"1025","Jamaica","Poultry",52.51,56.41
"1026","Jamaica","Beef",3.97,122.51
"1027","Jamaica","Lamb & Goat",1.26,44.13
"1028","Jamaica","Fish",21.95,35.05
"1029","Jamaica","Eggs",2.27,2.09
"1030","Jamaica","Milk - inc. cheese",91.13,129.81
"1031","Jamaica","Wheat and Wheat Products",70.67,13.48
"1032","Jamaica","Rice",23.45,30.01
"1033","Jamaica","Soybeans",0,0
"1034","Jamaica","Nuts inc. Peanut Butter",1.82,3.22
"1035","Namibia","Pork",4.21,14.9
"1036","Namibia","Poultry",12.19,13.09
"1037","Namibia","Beef",3.75,115.72
"1038","Namibia","Lamb & Goat",2.27,79.5
"1039","Namibia","Fish",10.7,17.08
"1040","Namibia","Eggs",1.63,1.5
"1041","Namibia","Milk - inc. cheese",73.05,104.05
"1042","Namibia","Wheat and Wheat Products",36.26,6.91
"1043","Namibia","Rice",6.31,8.07
"1044","Namibia","Soybeans",0.07,0.03
"1045","Namibia","Nuts inc. Peanut Butter",0.71,1.26
"1046","Belize","Pork",16.8,59.46
"1047","Belize","Poultry",28.31,30.41
"1048","Belize","Beef",4.86,149.97
"1049","Belize","Lamb & Goat",0.14,4.9
"1050","Belize","Fish",7.57,12.09
"1051","Belize","Eggs",4.85,4.46
"1052","Belize","Milk - inc. cheese",80.3,114.38
"1053","Belize","Wheat and Wheat Products",54.06,10.31
"1054","Belize","Rice",28.42,36.37
"1055","Belize","Soybeans",1.88,0.85
"1056","Belize","Nuts inc. Peanut Butter",5.58,9.88
"1057","Malaysia","Pork",7.76,27.47
"1058","Malaysia","Poultry",41.01,44.05
"1059","Malaysia","Beef",6.52,201.19
"1060","Malaysia","Lamb & Goat",0.94,32.92
"1061","Malaysia","Fish",49.43,78.92
"1062","Malaysia","Eggs",16.57,15.22
"1063","Malaysia","Milk - inc. cheese",25.28,36.01
"1064","Malaysia","Wheat and Wheat Products",51.04,9.73
"1065","Malaysia","Rice",81.25,103.98
"1066","Malaysia","Soybeans",0.04,0.02
"1067","Malaysia","Nuts inc. Peanut Butter",2.9,5.13
"1068","Zimbabwe","Pork",2.65,9.38
"1069","Zimbabwe","Poultry",4.97,5.34
"1070","Zimbabwe","Beef",7.37,227.42
"1071","Zimbabwe","Lamb & Goat",0.96,33.62
"1072","Zimbabwe","Fish",2.8,4.47
"1073","Zimbabwe","Eggs",1.75,1.61
"1074","Zimbabwe","Milk - inc. cheese",31.9,45.44
"1075","Zimbabwe","Wheat and Wheat Products",31.31,5.97
"1076","Zimbabwe","Rice",10.09,12.91
"1077","Zimbabwe","Soybeans",0.54,0.24
"1078","Zimbabwe","Nuts inc. Peanut Butter",2.22,3.93
"1079","Guatemala","Pork",4.85,17.17
"1080","Guatemala","Poultry",16.45,17.67
"1081","Guatemala","Beef",5.6,172.8
"1082","Guatemala","Lamb & Goat",0.23,8.05
"1083","Guatemala","Fish",1.08,1.72
"1084","Guatemala","Eggs",14.61,13.42
"1085","Guatemala","Milk - inc. cheese",46.6,66.38
"1086","Guatemala","Wheat and Wheat Products",35.9,6.85
"1087","Guatemala","Rice",5.66,7.24
"1088","Guatemala","Soybeans",0.32,0.14
"1089","Guatemala","Nuts inc. Peanut Butter",2,3.54
"1090","Uganda","Pork",3.37,11.93
"1091","Uganda","Poultry",1.51,1.62
"1092","Uganda","Beef",5.15,158.92
"1093","Uganda","Lamb & Goat",1.25,43.77
"1094","Uganda","Fish",12.5,19.96
"1095","Uganda","Eggs",0.97,0.89
"1096","Uganda","Milk - inc. cheese",37.27,53.09
"1097","Uganda","Wheat and Wheat Products",10.14,1.93
"1098","Uganda","Rice",4.64,5.94
"1099","Uganda","Soybeans",0.01,0
"1100","Uganda","Nuts inc. Peanut Butter",3.77,6.67
"1101","Nepal","Pork",0.67,2.37
"1102","Nepal","Poultry",1.56,1.68
"1103","Nepal","Beef",7.89,243.47
"1104","Nepal","Lamb & Goat",2.1,73.54
"1105","Nepal","Fish",2.17,3.46
"1106","Nepal","Eggs",1.42,1.3
"1107","Nepal","Milk - inc. cheese",52.1,74.21
"1108","Nepal","Wheat and Wheat Products",50.46,9.62
"1109","Nepal","Rice",87.75,112.29
"1110","Nepal","Soybeans",0.01,0
"1111","Nepal","Nuts inc. Peanut Butter",2.42,4.28
"1112","Iran","Pork",0,0
"1113","Iran","Poultry",25.38,27.26
"1114","Iran","Beef",3.58,110.47
"1115","Iran","Lamb & Goat",3.69,129.22
"1116","Iran","Fish",9.8,15.65
"1117","Iran","Eggs",7.7,7.07
"1118","Iran","Milk - inc. cheese",46.69,66.51
"1119","Iran","Wheat and Wheat Products",153.31,29.24
"1120","Iran","Rice",29.95,38.33
"1121","Iran","Soybeans",0,0
"1122","Iran","Nuts inc. Peanut Butter",12.16,21.52
"1123","Tanzania","Pork",0.32,1.13
"1124","Tanzania","Poultry",1.84,1.98
"1125","Tanzania","Beef",6.09,187.92
"1126","Tanzania","Lamb & Goat",1.28,44.83
"1127","Tanzania","Fish",5.5,8.78
"1128","Tanzania","Eggs",0.58,0.53
"1129","Tanzania","Milk - inc. cheese",40.29,57.39
"1130","Tanzania","Wheat and Wheat Products",15.94,3.04
"1131","Tanzania","Rice",21.01,26.89
"1132","Tanzania","Soybeans",0.04,0.02
"1133","Tanzania","Nuts inc. Peanut Butter",5.94,10.51
"1134","Senegal","Pork",0.94,3.33
"1135","Senegal","Poultry",4.62,4.96
"1136","Senegal","Beef",5.85,180.52
"1137","Senegal","Lamb & Goat",3.19,111.71
"1138","Senegal","Fish",22.94,36.63
"1139","Senegal","Eggs",1.63,1.5
"1140","Senegal","Milk - inc. cheese",16.86,24.02
"1141","Senegal","Wheat and Wheat Products",37.32,7.12
"1142","Senegal","Rice",72.29,92.51
"1143","Senegal","Soybeans",0,0
"1144","Senegal","Nuts inc. Peanut Butter",4.03,7.13
"1145","Peru","Pork",3.85,13.63
"1146","Peru","Poultry",11.72,12.59
"1147","Peru","Beef",4.69,144.72
"1148","Peru","Lamb & Goat",1,35.02
"1149","Peru","Fish",15.74,25.13
"1150","Peru","Eggs",8.76,8.05
"1151","Peru","Milk - inc. cheese",62.15,88.53
"1152","Peru","Wheat and Wheat Products",56.12,10.7
"1153","Peru","Rice",48.92,62.6
"1154","Peru","Soybeans",1.59,0.72
"1155","Peru","Nuts inc. Peanut Butter",0.65,1.15
"1156","Nicaragua","Pork",3.38,11.96
"1157","Nicaragua","Poultry",21.31,22.89
"1158","Nicaragua","Beef",4.73,145.96
"1159","Nicaragua","Lamb & Goat",0.01,0.35
"1160","Nicaragua","Fish",3.59,5.73
"1161","Nicaragua","Eggs",4.9,4.5
"1162","Nicaragua","Milk - inc. cheese",85.16,121.3
"1163","Nicaragua","Wheat and Wheat Products",28.17,5.37
"1164","Nicaragua","Rice",43.33,55.45
"1165","Nicaragua","Soybeans",0.01,0
"1166","Nicaragua","Nuts inc. Peanut Butter",2.36,4.18
"1167","Vietnam","Pork",35,123.88
"1168","Vietnam","Poultry",12.36,13.28
"1169","Vietnam","Beef",7.44,229.58
"1170","Vietnam","Lamb & Goat",0.14,4.9
"1171","Vietnam","Fish",26.52,42.34
"1172","Vietnam","Eggs",3.84,3.53
"1173","Vietnam","Milk - inc. cheese",16.36,23.3
"1174","Vietnam","Wheat and Wheat Products",10.49,2
"1175","Vietnam","Rice",144.56,184.99
"1176","Vietnam","Soybeans",5.75,2.59
"1177","Vietnam","Nuts inc. Peanut Butter",6.28,11.12
"1178","Ethiopia","Pork",0.02,0.07
"1179","Ethiopia","Poultry",0.66,0.71
"1180","Ethiopia","Beef",3.61,111.4
"1181","Ethiopia","Lamb & Goat",1.57,54.98
"1182","Ethiopia","Fish",0.24,0.38
"1183","Ethiopia","Eggs",0.36,0.33
"1184","Ethiopia","Milk - inc. cheese",44.14,62.87
"1185","Ethiopia","Wheat and Wheat Products",31.26,5.96
"1186","Ethiopia","Rice",2.25,2.88
"1187","Ethiopia","Soybeans",0.45,0.2
"1188","Ethiopia","Nuts inc. Peanut Butter",1.21,2.14
"1189","Myanmar","Pork",11.31,40.03
"1190","Myanmar","Poultry",21.87,23.49
"1191","Myanmar","Beef",4.94,152.44
"1192","Myanmar","Lamb & Goat",0.89,31.17
"1193","Myanmar","Fish",54.26,86.64
"1194","Myanmar","Eggs",6.45,5.92
"1195","Myanmar","Milk - inc. cheese",31.48,44.84
"1196","Myanmar","Wheat and Wheat Products",6.22,1.19
"1197","Myanmar","Rice",132.8,169.94
"1198","Myanmar","Soybeans",0.38,0.17
"1199","Myanmar","Nuts inc. Peanut Butter",4.5,7.97
"1200","Congo","Pork",2.39,8.46
"1201","Congo","Poultry",13.02,13.99
"1202","Congo","Beef",4.35,134.23
"1203","Congo","Lamb & Goat",0.4,14.01
"1204","Congo","Fish",26.22,41.86
"1205","Congo","Eggs",0.6,0.55
"1206","Congo","Milk - inc. cheese",10.69,15.23
"1207","Congo","Wheat and Wheat Products",40.07,7.64
"1208","Congo","Rice",16.51,21.13
"1209","Congo","Soybeans",0,0
"1210","Congo","Nuts inc. Peanut Butter",3.08,5.45
"1211","Zambia","Pork",1.66,5.88
"1212","Zambia","Poultry",3.29,3.53
"1213","Zambia","Beef",4.76,146.88
"1214","Zambia","Lamb & Goat",0.68,23.81
"1215","Zambia","Fish",6.2,9.9
"1216","Zambia","Eggs",3.32,3.05
"1217","Zambia","Milk - inc. cheese",9.71,13.83
"1218","Zambia","Wheat and Wheat Products",12.1,2.31
"1219","Zambia","Rice",3.05,3.9
"1220","Zambia","Soybeans",7.3,3.29
"1221","Zambia","Nuts inc. Peanut Butter",5.04,8.92
"1222","Cameroon","Pork",1.47,5.2
"1223","Cameroon","Poultry",3.29,3.53
"1224","Cameroon","Beef",4.17,128.68
"1225","Cameroon","Lamb & Goat",1.4,49.03
"1226","Cameroon","Fish",14.71,23.49
"1227","Cameroon","Eggs",0.4,0.37
"1228","Cameroon","Milk - inc. cheese",15.27,21.75
"1229","Cameroon","Wheat and Wheat Products",22.6,4.31
"1230","Cameroon","Rice",23.85,30.52
"1231","Cameroon","Soybeans",0.64,0.29
"1232","Cameroon","Nuts inc. Peanut Butter",9.29,16.44
"1233","Madagascar","Pork",2.56,9.06
"1234","Madagascar","Poultry",3.14,3.37
"1235","Madagascar","Beef",7.51,231.74
"1236","Madagascar","Lamb & Goat",0.57,19.96
"1237","Madagascar","Fish",4.41,7.04
"1238","Madagascar","Eggs",0.71,0.65
"1239","Madagascar","Milk - inc. cheese",24.84,35.38
"1240","Madagascar","Wheat and Wheat Products",9.01,1.72
"1241","Madagascar","Rice",102.53,131.21
"1242","Madagascar","Soybeans",0,0
"1243","Madagascar","Nuts inc. Peanut Butter",0.35,0.62
"1244","Malawi","Pork",5.45,19.29
"1245","Malawi","Poultry",1.38,1.48
"1246","Malawi","Beef",2.35,72.52
"1247","Malawi","Lamb & Goat",2.07,72.49
"1248","Malawi","Fish",7.33,11.7
"1249","Malawi","Eggs",1.08,0.99
"1250","Malawi","Milk - inc. cheese",7.98,11.37
"1251","Malawi","Wheat and Wheat Products",11.77,2.24
"1252","Malawi","Rice",4.75,6.08
"1253","Malawi","Soybeans",1.76,0.79
"1254","Malawi","Nuts inc. Peanut Butter",5.08,8.99
"1255","Guinea","Pork",0.16,0.57
"1256","Guinea","Poultry",1.83,1.97
"1257","Guinea","Beef",6.26,193.17
"1258","Guinea","Lamb & Goat",1.6,56.03
"1259","Guinea","Fish",9.18,14.66
"1260","Guinea","Eggs",1.95,1.79
"1261","Guinea","Milk - inc. cheese",20.62,29.37
"1262","Guinea","Wheat and Wheat Products",18.55,3.54
"1263","Guinea","Rice",97.12,124.28
"1264","Guinea","Soybeans",0,0
"1265","Guinea","Nuts inc. Peanut Butter",4.14,7.33
"1266","Nigeria","Pork",1.47,5.2
"1267","Nigeria","Poultry",1.73,1.86
"1268","Nigeria","Beef",2.33,71.9
"1269","Nigeria","Lamb & Goat",2.72,95.25
"1270","Nigeria","Fish",16.03,25.59
"1271","Nigeria","Eggs",3.46,3.18
"1272","Nigeria","Milk - inc. cheese",7.91,11.27
"1273","Nigeria","Wheat and Wheat Products",20.82,3.97
"1274","Nigeria","Rice",28.23,36.13
"1275","Nigeria","Soybeans",2.6,1.17
"1276","Nigeria","Nuts inc. Peanut Butter",6.93,12.27
"1277","Rwanda","Pork",0.76,2.69
"1278","Rwanda","Poultry",1.34,1.44
"1279","Rwanda","Beef",2.53,78.07
"1280","Rwanda","Lamb & Goat",1.93,67.59
"1281","Rwanda","Fish",3.88,6.2
"1282","Rwanda","Eggs",0.16,0.15
"1283","Rwanda","Milk - inc. cheese",7.23,10.3
"1284","Rwanda","Wheat and Wheat Products",11.34,2.16
"1285","Rwanda","Rice",8.7,11.13
"1286","Rwanda","Soybeans",1.93,0.87
"1287","Rwanda","Nuts inc. Peanut Butter",0.58,1.03
"1288","Philippines","Pork",18.4,65.13
"1289","Philippines","Poultry",11.91,12.79
"1290","Philippines","Beef",4.06,125.28
"1291","Philippines","Lamb & Goat",0.56,19.61
"1292","Philippines","Fish",28.51,45.52
"1293","Philippines","Eggs",4.02,3.69
"1294","Philippines","Milk - inc. cheese",15.66,22.31
"1295","Philippines","Wheat and Wheat Products",23.12,4.41
"1296","Philippines","Rice",119.44,152.85
"1297","Philippines","Soybeans",0.03,0.01
"1298","Philippines","Nuts inc. Peanut Butter",2.08,3.68
"1299","Ghana","Pork",1.36,4.81
"1300","Ghana","Poultry",8.63,9.27
"1301","Ghana","Beef",1.09,33.64
"1302","Ghana","Lamb & Goat",1.74,60.93
"1303","Ghana","Fish",26.05,41.59
"1304","Ghana","Eggs",1.21,1.11
"1305","Ghana","Milk - inc. cheese",9.08,12.93
"1306","Ghana","Wheat and Wheat Products",14.45,2.76
"1307","Ghana","Rice",32.03,40.99
"1308","Ghana","Soybeans",0.01,0
"1309","Ghana","Nuts inc. Peanut Butter",5.56,9.84
"1310","Togo","Pork",1.57,5.56
"1311","Togo","Poultry",6.63,7.12
"1312","Togo","Beef",1.53,47.21
"1313","Togo","Lamb & Goat",1.58,55.33
"1314","Togo","Fish",11.69,18.67
"1315","Togo","Eggs",0.86,0.79
"1316","Togo","Milk - inc. cheese",7.96,11.34
"1317","Togo","Wheat and Wheat Products",12.91,2.46
"1318","Togo","Rice",25.99,33.26
"1319","Togo","Soybeans",0.01,0
"1320","Togo","Nuts inc. Peanut Butter",3.59,6.35
"1321","Gambia","Pork",0.18,0.64
"1322","Gambia","Poultry",2.66,2.86
"1323","Gambia","Beef",2.16,66.65
"1324","Gambia","Lamb & Goat",0.71,24.86
"1325","Gambia","Fish",23.13,36.93
"1326","Gambia","Eggs",0.99,0.91
"1327","Gambia","Milk - inc. cheese",45.71,65.11
"1328","Gambia","Wheat and Wheat Products",37.91,7.23
"1329","Gambia","Rice",61.84,79.14
"1330","Gambia","Soybeans",0,0
"1331","Gambia","Nuts inc. Peanut Butter",5.27,9.33
"1332","India","Pork",0.28,0.99
"1333","India","Poultry",1.88,2.02
"1334","India","Beef",0.81,24.99
"1335","India","Lamb & Goat",0.58,20.31
"1336","India","Fish",4.71,7.52
"1337","India","Eggs",2.58,2.37
"1338","India","Milk - inc. cheese",84.5,120.36
"1339","India","Wheat and Wheat Products",60.56,11.55
"1340","India","Rice",69.49,88.93
"1341","India","Soybeans",0.39,0.18
"1342","India","Nuts inc. Peanut Butter",1.92,3.4
"1343","Thailand","Pork",13,46.01
"1344","Thailand","Poultry",13.69,14.71
"1345","Thailand","Beef",2.56,79
"1346","Thailand","Lamb & Goat",0.05,1.75
"1347","Thailand","Fish",19.45,31.06
"1348","Thailand","Eggs",12.35,11.34
"1349","Thailand","Milk - inc. cheese",29.35,41.81
"1350","Thailand","Wheat and Wheat Products",10.93,2.08
"1351","Thailand","Rice",114.57,146.62
"1352","Thailand","Soybeans",2.13,0.96
"1353","Thailand","Nuts inc. Peanut Butter",1.5,2.66
"1354","Mozambique","Pork",5.13,18.16
"1355","Mozambique","Poultry",1.41,1.51
"1356","Mozambique","Beef",1.04,32.09
"1357","Mozambique","Lamb & Goat",0.9,31.52
"1358","Mozambique","Fish",7.74,12.36
"1359","Mozambique","Eggs",1.7,1.56
"1360","Mozambique","Milk - inc. cheese",4.79,6.82
"1361","Mozambique","Wheat and Wheat Products",14.65,2.79
"1362","Mozambique","Rice",23.41,29.96
"1363","Mozambique","Soybeans",0.03,0.01
"1364","Mozambique","Nuts inc. Peanut Butter",2.61,4.62
"1365","Cambodia","Pork",6.52,23.08
"1366","Cambodia","Poultry",1.84,1.98
"1367","Cambodia","Beef",4.85,149.66
"1368","Cambodia","Lamb & Goat",0,0
"1369","Cambodia","Fish",39.59,63.21
"1370","Cambodia","Eggs",1.37,1.26
"1371","Cambodia","Milk - inc. cheese",3.47,4.94
"1372","Cambodia","Wheat and Wheat Products",2.74,0.52
"1373","Cambodia","Rice",159.1,203.6
"1374","Cambodia","Soybeans",4.33,1.95
"1375","Cambodia","Nuts inc. Peanut Butter",1.25,2.21
"1376","Sierra Leone","Pork",1.22,4.32
"1377","Sierra Leone","Poultry",4.97,5.34
"1378","Sierra Leone","Beef",1.99,61.41
"1379","Sierra Leone","Lamb & Goat",0.65,22.76
"1380","Sierra Leone","Fish",32.03,51.14
"1381","Sierra Leone","Eggs",1.92,1.76
"1382","Sierra Leone","Milk - inc. cheese",7,9.97
"1383","Sierra Leone","Wheat and Wheat Products",8.72,1.66
"1384","Sierra Leone","Rice",103.3,132.19
"1385","Sierra Leone","Soybeans",0,0
"1386","Sierra Leone","Nuts inc. Peanut Butter",5.57,9.86
"1387","Sri Lanka","Pork",0.05,0.18
"1388","Sri Lanka","Poultry",4.96,5.33
"1389","Sri Lanka","Beef",1.38,42.58
"1390","Sri Lanka","Lamb & Goat",0.09,3.15
"1391","Sri Lanka","Fish",24.92,39.79
"1392","Sri Lanka","Eggs",4.57,4.2
"1393","Sri Lanka","Milk - inc. cheese",34.98,49.83
"1394","Sri Lanka","Wheat and Wheat Products",37.01,7.06
"1395","Sri Lanka","Rice",109.72,140.41
"1396","Sri Lanka","Soybeans",0,0
"1397","Sri Lanka","Nuts inc. Peanut Butter",1.09,1.93
"1398","Indonesia","Pork",2.98,10.55
"1399","Indonesia","Poultry",7.5,8.06
"1400","Indonesia","Beef",2.59,79.92
"1401","Indonesia","Lamb & Goat",0.46,16.11
"1402","Indonesia","Fish",25.65,40.95
"1403","Indonesia","Eggs",4.88,4.48
"1404","Indonesia","Milk - inc. cheese",14.82,21.11
"1405","Indonesia","Wheat and Wheat Products",25.45,4.85
"1406","Indonesia","Rice",134.62,172.27
"1407","Indonesia","Soybeans",1.12,0.5
"1408","Indonesia","Nuts inc. Peanut Butter",4.92,8.71
"1409","Liberia","Pork",4.01,14.19
"1410","Liberia","Poultry",8.91,9.57
"1411","Liberia","Beef",0.78,24.07
"1412","Liberia","Lamb & Goat",0.48,16.81
"1413","Liberia","Fish",4.13,6.59
"1414","Liberia","Eggs",2.05,1.88
"1415","Liberia","Milk - inc. cheese",3.04,4.33
"1416","Liberia","Wheat and Wheat Products",10.95,2.09
"1417","Liberia","Rice",94.75,121.25
"1418","Liberia","Soybeans",0.63,0.28
"1419","Liberia","Nuts inc. Peanut Butter",1.31,2.32
"1420","Bangladesh","Pork",0,0
"1421","Bangladesh","Poultry",1.4,1.5
"1422","Bangladesh","Beef",1.28,39.5
"1423","Bangladesh","Lamb & Goat",1.33,46.58
"1424","Bangladesh","Fish",18.07,28.85
"1425","Bangladesh","Eggs",2.08,1.91
"1426","Bangladesh","Milk - inc. cheese",21.91,31.21
"1427","Bangladesh","Wheat and Wheat Products",17.47,3.33
"1428","Bangladesh","Rice",171.73,219.76
"1429","Bangladesh","Soybeans",0.61,0.27
"1430","Bangladesh","Nuts inc. Peanut Butter",0.72,1.27
